,1,2,3,4,5,6,7,8,9,10,11,12,13
北京市,22.18,23.36,23.22,23.8,22.32,17.86,14.9,14.58,16.6,19.62,19.8,20.81,19.87
天津市,22.5,23.62,23.58,24.01,22.93,18.11,14.83,15.12,17.89,20.12,19.8,20.81,20.27
石家庄市,22.64,22.97,22.32,23.18,19.94,17.82,13.68,13.25,14.76,19.62,20.34,20.88,19.26
唐山市,22.5,23.83,23.98,24.26,21.96,17.71,14.62,15.19,19.01,20.23,19.55,20.34,20.23
秦皇岛市,20.3,21.38,21.74,21.2,20.34,18.11,14.9,16.09,18.22,17.24,16.27,18.07,18.65
邯郸市,20.59,20.48,19.44,21.64,18.86,15.84,12.74,13.32,13.72,16.6,18.29,18.79,17.5
邢台市,21.56,21.42,20.81,22.61,19.4,16.56,13.39,13.32,14.4,18.29,19.19,19.51,18.36
保定市,21.53,22.54,22.5,23.33,20.95,18.07,14.69,14.4,15.48,19.33,19.58,19.98,19.33
张家口市,22.79,24.16,24.84,25.96,23.8,21.89,18.54,18.04,20.45,21.78,21.35,20.74,22
承德市,24.01,24.52,24.84,25.13,23.94,20.12,15.59,16.49,19.55,21.13,20.77,21.38,21.42
沧州市,21.1,22.18,22.61,23.33,21.17,17.46,15.34,15.01,16.02,18.94,19.04,19.55,19.3
廊坊市,22.18,23.36,23.22,23.8,22.32,17.86,14.9,14.58,16.6,19.62,19.8,20.81,19.87
衡水市,20.63,21.1,21.38,22.93,19.73,17.28,14.4,14.83,15.37,18.4,18.11,18.4,18.54
太原市,23.11,22.86,21.56,23.62,21.42,19.08,15.7,14.9,16.09,19.66,20.95,21.38,20.02
大同市,22,23.65,24.55,26.46,24.52,22.57,18.97,18.76,20.95,21.89,20.92,19.91,22.07
阳泉市,22.25,22.43,21.49,23.76,20.92,18.04,15.26,14.65,15.66,19.55,20.3,20.81,19.58
长治市,21.38,21.02,19.84,22.32,20.27,16.99,14.47,14.04,14.33,17.32,19.73,20.05,18.47
晋城市,19.44,18.76,17.71,18.9,18.47,16.27,14.11,13.14,12.6,15.12,17.89,18.25,16.7
朔州市,22.5,23.47,23.69,25.88,22.72,21.56,17.75,17.96,18.76,21.28,21.96,20.95,21.53
晋中市,23.11,22.86,21.56,23.62,21.42,19.08,15.7,14.9,16.09,19.66,20.95,21.38,20.02
运城市,19.04,18.36,17.06,18.36,18.07,16.13,14.62,13.61,12.06,14.15,16.88,17.89,16.34
忻州市,23.51,23.54,22.61,23.98,20.95,19.62,15.77,15.77,16.81,20.52,21.38,21.49,20.48
临汾市,21.49,20.38,19.19,21.28,20.34,18.07,15.08,14.58,13.82,16.7,19.01,19.91,18.32
吕梁市,22,21.74,21.38,23.15,21.67,19.8,16.49,16.09,16.02,18.97,20.2,20.52,19.84
呼和浩特市,21.56,23.04,24.26,26.21,24.66,22.9,20.05,18.61,20.12,21.78,20.92,19.76,21.96
包头市,22.93,23.65,24.26,25.31,24.44,22.43,20.23,18.25,18.47,21.24,21.49,20.88,21.96
乌海市,22.93,24.08,24.05,25.38,24.62,22.79,20.59,18.86,18.61,20.23,21.13,20.34,21.96
赤峰市,21.46,23.44,25.31,25.49,24.84,19.69,17.42,19.33,22,21.46,20.02,19.94,21.67
通辽市,22.79,25.78,26.6,24.77,24.08,20.02,17.39,19.62,22.1,21.35,20.2,20.02,22.03
鄂尔多斯市,22.93,23.98,23.87,25.81,24.77,22.79,19.98,17.82,18.68,21.6,21.96,20.81,22.07
呼伦贝尔市,10.33,14.72,18.47,21.02,22.72,20.66,17.42,17.39,16.16,13.82,10.94,8.6,16.02
巴彦淖尔市,22.93,24.16,24.37,25.31,23.8,21.38,19.19,18.25,19.22,21.46,21.2,20.23,21.78
乌兰察布市,20.88,23,25.24,26.5,25.42,23.11,20.52,19.8,21.89,21.85,20.41,19.48,22.32
兴安盟,12.35,16.49,19.12,20.92,22.36,19.69,16.63,17.96,17.71,15.7,12.13,10.4,16.78
锡林郭勒盟,18.79,20.56,22.72,26.03,25.99,22.9,20.3,21.46,22.1,20.77,18.72,17.03,21.46
阿拉善盟,22.79,24.37,23.69,24.91,24.26,22.36,20.41,19.19,18.29,18.83,21.24,20.56,21.71
沈阳市,21.2,24.37,24.05,23.04,21.31,17.89,13.07,15.84,19.69,19.66,18.07,18.36,19.69
大连市,19.87,22.75,24.08,24.52,23.9,20.99,17.35,20.09,21.67,20.12,17.21,17.1,20.77
鞍山市,21.96,24.37,24.44,23.44,22.25,18.14,13.75,16.38,20.59,20.3,19.01,19.33,20.3
抚顺市,21.2,24.37,24.05,23.04,21.31,17.89,13.07,15.84,19.69,19.66,18.07,18.36,19.69
本溪市,21.2,24.37,24.05,23.04,21.31,17.89,13.07,15.84,19.69,19.66,18.07,18.36,19.69
丹东市,21.56,23.44,22.54,21.1,19.04,14.04,9.07,12.31,17.53,18.22,17.17,17.89,17.78
锦州市,22.61,24.12,24.95,24.01,23.69,18.61,14.69,17.24,21.31,20.52,19.15,19.84,20.88
营口市,20.81,23.04,24.08,23.44,22.21,18.4,13.54,16.16,20.2,20.16,18.5,18.83,19.91
阜新市,22.43,23.94,24.3,21.49,21.82,18.83,16.13,17.89,20.84,18.4,17.6,19.76,20.27
辽阳市,21.2,24.37,24.05,23.04,21.31,17.89,13.07,15.84,19.69,19.66,18.07,18.36,19.69
盘锦市,21.96,24.37,24.44,23.44,22.25,18.14,13.75,16.38,20.59,20.3,19.01,19.33,20.3
铁岭市,21.46,24.19,24.8,23.33,21.38,18.18,13.97,16.92,20.59,20.12,18.58,18.9,20.16
朝阳市,22.61,23.72,25.24,24.84,24.05,18.97,16.74,17.96,21.56,21.17,19.44,20.3,21.38
葫芦岛市,22.18,24.26,24.66,24.01,21.92,17.86,14.58,15.62,20.38,20.05,18.9,19.62,20.3
金普新区,20.16,21.96,23.47,23.62,21.96,20.16,16.7,17.75,21.24,20.02,17.86,17.93,20.23
长春市,20.41,23.65,23.94,22.61,21.38,18,14.36,16.31,19.91,19.51,17.96,17.71,19.62
吉林市,20.09,23.11,22.14,20.7,20.52,18.32,13.9,15.7,19.04,18.54,16.99,17.39,18.83
四平市,21.24,24.55,25.06,23.36,22.03,18.32,14.8,17.24,20.66,20.09,18.86,18.58,20.38
辽源市,20.48,23.44,22.82,21.89,20.05,16.13,13.39,14.87,19.22,19.04,17.46,17.89,18.86
通化市,21.67,23.87,22.79,20.84,19.48,14.4,11.59,12.85,18.04,18.61,17.14,18.18,18.25
白山市,21.02,23.72,22.03,19.76,18.61,14.29,11.48,13.25,17.53,18.11,16.34,17.89,17.78
松原市,12.92,16.99,18.79,21.28,21.89,19.76,15.37,16.42,17.24,15.3,12.13,11.02,16.56
白城市,13.21,17.1,19.4,21.96,22.61,19.76,16.88,18.29,18.04,16.02,12.53,11.2,17.24
延边朝鲜族自治州,21.31,23.94,23.11,19.66,16.81,15.01,12.42,13.43,17.5,18.61,17.46,18.4,18.11
哈尔滨市,12.53,16.74,18.29,20.45,20.23,19.26,14.47,15.77,16.63,14.54,11.74,10.55,15.91
齐齐哈尔市,11.99,16.13,18.83,20.27,22.03,19.37,15.7,16.81,16.96,15.01,11.84,9.9,16.24
鸡西市,12.46,16.74,18.07,19.26,18.58,18.25,13.61,14.11,15.62,13.86,11.52,10.55,15.19
鹤岗市,11.7,16.49,18.4,18.18,18.61,17.53,14.08,13.03,14.58,13.36,11.27,9.79,14.72
双鸭山市,11.88,16.56,18.11,18.72,19.12,18.54,14.44,13.97,15.48,13.68,11.41,10.12,15.16
大庆市,12.56,16.67,18.68,20.63,22.25,20.88,16.49,17.17,17.32,15.23,11.99,10.62,16.7
伊春市,12.1,17.03,18.76,18.54,19.26,17.96,14.15,13.54,14.44,13.03,11.41,10.19,15.01
佳木斯市,11.88,16.56,18.11,18.72,19.12,18.54,14.44,13.97,15.48,13.68,11.41,10.12,15.16
七台河市,12.46,16.74,18.07,19.26,18.58,18.25,13.61,14.11,15.62,13.86,11.52,10.55,15.19
牡丹江市,19.8,23.87,23.76,19.98,18.07,18.22,13.36,14.87,18.07,17.68,17.35,17.89,18.54
黑河市,10.87,15.98,19.01,19.26,20.02,19.87,14.94,14.65,14.76,12.74,10.55,8.96,15.12
绥化市,12.17,16.56,18.36,19.91,21.17,19.55,15.37,16.02,16.67,14.33,11.74,10.22,15.98
大兴安岭地区,9.9,15.12,18.86,19.66,19.37,18.97,14.94,15.3,14,12.53,9.97,7.96,14.69
上海市,12.49,11.81,10.51,11.59,12.78,10.8,14.29,13.68,12.53,12.24,12.67,13.64,12.42
南京市,15.05,14.15,11.66,12.74,13.61,12.17,12.74,12.74,12.49,12.53,15.19,15.52,13.39
无锡市,13.03,12.17,9.36,11.45,12.46,10.8,13.61,13.28,12.02,12.53,12.85,14.65,12.35
徐州市,18,17.6,16.24,17.06,16.6,15.59,13.07,13.32,14.18,14.08,16.13,16.81,15.7
常州市,13.54,12.02,9.29,10.91,12.13,10.91,13.46,13.07,11.84,12.53,13.21,14.76,12.31
苏州市,13.03,12.17,9.36,11.45,12.46,10.8,13.61,13.28,12.02,12.53,12.85,14.65,12.35
南通市,15.05,14.47,11.56,13.39,14.36,11.88,13.28,13.79,12.82,13.1,14.69,16.06,13.72
连云港市,18,18.18,16.09,16.85,16.78,14.29,12.31,13.07,14.26,14.33,16.34,17.32,15.62
淮安市,16.85,16.88,13.72,15.59,15.88,13.07,12.1,12.82,13.46,13.54,16.34,16.99,14.76
盐城市,16.63,17.06,13.93,15.59,15.91,13.03,12.2,13.36,13.21,13.54,15.73,16.52,14.72
扬州市,14.94,14.36,11.3,13.03,13.97,11.74,12.49,12.85,12.49,12.67,14.9,15.95,13.39
镇江市,14.94,14.36,11.3,13.03,13.97,11.74,12.49,12.85,12.49,12.67,14.9,15.95,13.39
泰州市,14.94,14.36,11.3,13.03,13.97,11.74,12.49,12.85,12.49,12.67,14.9,15.95,13.39
宿迁市,16.42,16.34,13.46,15.77,15.7,13.5,12.31,12.82,13.14,13.54,15.73,16.52,14.58
杭州市,11.88,10.04,8.46,10.12,10.98,9.68,14.44,13.21,11.09,11.92,12.1,13.79,11.48
宁波市,10.08,8.39,7.78,9.18,10.55,8.96,15.77,12.71,9.65,10.87,11.12,11.45,10.58
温州市,9.14,7.38,6.41,8.5,9.11,8.89,16.06,13.14,10.15,11.38,11.38,12.71,10.37
嘉兴市,11.88,10.04,8.46,10.12,10.98,9.68,14.44,13.21,11.09,11.92,12.1,13.79,11.48
湖州市,11.88,10.04,8.46,10.12,10.98,9.68,14.44,13.21,11.09,11.92,12.1,13.79,11.48
绍兴市,10.33,7.81,7.6,8.89,10.15,8.96,15.59,13.1,10.3,11.34,11.77,13.18,10.8
金华市,10.15,7.7,6.73,8.5,9.58,8.39,14.04,12.56,10.69,11.74,12.46,13.97,10.58
衢州市,7.99,6.52,-99,6.84,9.07,8.46,14.54,12.92,11.74,12.53,12.64,13.64,-99
舟山市,10.51,10.73,10.15,11.84,12.56,11.38,17.86,17.28,13.68,12.67,12.1,11.77,12.74
台州市,9.47,7.42,6.91,8.86,9.36,8.75,15.48,13.1,10.48,11.38,11.27,11.63,10.37
丽水市,8.86,7.13,5.69,7.52,8.75,8.35,14.9,12.67,10.55,11.99,11.99,13.72,10.22
舟山群岛新区,9.68,9.32,8.68,11.09,11.81,10.8,19.69,18.18,13.61,12.92,11.77,11.34,12.46
合肥市,12.96,10.98,10.22,10.37,11.59,10.66,12.6,12.38,11.56,11.27,13.75,13.54,11.84
芜湖市,13.25,11.66,9.97,9.9,11.7,10.8,13.68,13.07,11.92,11.88,13.75,14.15,12.17
蚌埠市,14.87,13.46,11.66,13.1,13.61,12.71,13.03,12.96,12.6,12.38,15.08,14.94,13.36
淮南市,14.87,13.46,11.66,13.1,13.61,12.71,13.03,12.96,12.6,12.38,15.08,14.94,13.36
马鞍山市,13.25,11.66,9.97,9.9,11.7,10.8,13.68,13.07,11.92,11.88,13.75,14.15,12.17
淮北市,16.63,16.27,13.25,16.27,15.52,14.94,12.82,12.85,13.64,13.82,15.73,15.95,14.8
铜陵市,11.63,10.08,7.88,9.47,10.73,9.86,13.28,12.85,11.84,11.56,13.54,13.1,11.34
安庆市,11.63,10.08,7.88,9.47,10.73,9.86,13.28,12.85,11.84,11.56,13.54,13.1,11.34
黄山市,9.94,8.21,-99,8.17,9.68,8.21,13.1,11.95,11.27,12.35,13.46,13.75,-99
滁州市,15.05,14.15,11.66,12.74,13.61,12.17,12.74,12.74,12.49,12.53,15.19,15.52,13.39
阜阳市,14.44,12.46,11.84,14.18,13.28,13.57,13.03,12.46,12.35,12.02,14.11,13.9,13.14
宿州市,16.63,16.27,13.25,16.27,15.52,14.94,12.82,12.85,13.64,13.82,15.73,15.95,14.8
六安市,12.78,10.69,9.97,11.48,11.2,11.05,11.56,11.52,11.27,11.05,13.75,13.43,11.66
亳州市,16.42,15.3,13.86,16.2,15.08,14.83,13.1,12.64,13.21,13.21,14.65,15.05,14.47
池州市,11.63,10.08,7.88,9.47,10.73,9.86,13.28,12.85,11.84,11.56,13.54,13.1,11.34
宣城市,11.52,9.68,7.38,8.96,10.48,9.65,13.61,12.24,10.98,11.7,13.1,13.28,11.05
福州市,8.6,6.59,-99,7.6,7.92,9.5,15.73,12.78,9.79,10.91,10.22,11.52,-99
厦门市,12.53,9.22,7.99,8.89,9.25,11.02,16.34,15.01,13.28,14.8,13.97,14.26,12.24
莆田市,9.07,6.98,6.44,8.28,8.32,10.33,16.13,13.39,9.94,10.3,9.76,10.84,10.01
三明市,8.06,5.72,-99,6.23,7.74,8.75,14.98,12.67,10.44,11.52,12.46,13.39,-99
泉州市,12.53,9.22,7.99,8.89,9.25,11.02,16.34,15.01,13.28,14.8,13.97,14.26,12.24
漳州市,11.66,7.99,6.05,6.88,7.78,9.04,13.61,11.95,10.84,13.5,14.04,14.87,10.73
南平市,8.82,6.48,-99,7.34,8.46,9.9,16.45,13.9,11.38,12.28,12.31,13.32,-99
龙岩市,10.04,6.77,-99,6.88,7.7,8.86,14.69,12.42,10.69,12.06,13.21,14,-99
宁德市,8.6,6.59,-99,7.6,7.92,9.5,15.73,12.78,9.79,10.91,10.22,11.52,-99
南昌市,8.21,6.05,-99,6.41,8.32,8.86,13.57,12.6,11.45,10.91,12.24,12.35,-99
景德镇市,9.94,8.75,5.9,8.14,9.79,8.82,13.32,12.71,12.46,12.71,13.82,13.68,10.84
萍乡市,6.05,-99,-99,5.9,7.81,9.4,15.19,12.28,10.4,9.18,11.05,10.33,-99
九江市,9.29,8.14,6.59,7.63,9.11,9.11,12.78,11.92,11.27,10.33,12.35,12.42,10.08
新余市,6.59,-99,-99,5.69,7.52,9.32,14.51,12.13,10.3,9.97,11.59,11.23,-99
鹰潭市,7.92,6.7,-99,6.91,9.54,9.25,15.19,13.54,12.31,12.38,13.07,13.43,-99
赣州市,6.52,-99,-99,-99,7.13,9,12.96,11.3,9.97,11.02,14.26,13.64,-99
吉安市,6.59,-99,-99,5.69,7.52,9.32,14.51,12.13,10.3,9.97,11.59,11.23,-99
宜春市,6.59,-99,-99,5.69,7.52,9.32,14.51,12.13,10.3,9.97,11.59,11.23,-99
抚州市,7.56,5.58,-99,6.41,8.57,9.65,15.08,12.92,10.73,11.09,11.66,12.35,-99
上饶市,7.92,6.7,-99,6.91,9.54,9.25,15.19,13.54,12.31,12.38,13.07,13.43,-99
济南市,20.45,20.7,20.7,21.64,19.08,16.99,13.5,14.33,16.16,15.8,18.18,18.29,17.96
青岛市,19.19,20.92,20.34,20.59,18.5,15.62,13.1,13.79,16.16,17.32,17.35,17.5,17.5
淄博市,19.94,20.92,20.7,21.56,19.26,16.31,13.28,13.86,16.31,15.8,18.18,18.14,17.82
枣庄市,18,17.6,16.24,17.06,16.6,15.59,13.07,13.32,14.18,14.08,16.13,16.81,15.7
东营市,20.48,21.31,21.74,22.93,19.58,16.49,13.9,14.47,17.46,16.7,18.47,18.54,18.47
烟台市,17.89,21.2,22.72,22,19.33,17.1,15.26,15.66,18.76,18.47,16.45,15.44,18.32
潍坊市,19.55,20.92,20.34,20.88,18.83,15.91,13.43,13.9,16.16,16.96,17.82,18.14,17.71
济宁市,18.83,18.94,18.97,19.19,17.68,16.78,13,14.33,15.12,14.62,17.1,16.99,16.78
泰安市,20.45,20.7,20.7,21.64,19.08,16.99,13.5,14.33,16.16,15.8,18.18,18.29,17.96
威海市,17.89,21.31,22.57,22.75,20.88,18.9,15.59,17.42,19.55,18.76,16.02,15.34,18.9
日照市,18.47,19.73,18.18,18.5,17.75,15.19,12.53,13.25,15.26,15.3,16.88,17.5,16.52
莱芜市,20.45,20.7,20.7,21.64,19.08,16.99,13.5,14.33,16.16,15.8,18.18,18.29,17.96
临沂市,19.55,20.34,19.62,19.26,18.4,15.98,12.89,13.72,15.34,15.3,17.53,18.4,17.17
德州市,20.63,21.1,21.56,23.08,19.73,17.39,14.51,15.08,16.02,18.22,18.36,18.4,18.65
聊城市,19.69,20.09,19.94,21.56,19.01,17.1,13.72,14.87,15.08,16.78,17.6,17.35,17.71
滨州市,20.48,21.31,21.74,22.93,19.58,16.49,13.9,14.47,17.46,16.7,18.47,18.54,18.47
菏泽市,18.83,18.76,18.72,19.55,18.14,16.78,13.18,14.26,14.51,14.72,16.99,16.74,16.74
郑州市,17.42,16.31,16.09,17.24,16.2,15.26,12.53,12.46,11.74,13.07,15.3,16.56,15.01
开封市,17.57,16.13,16.74,17.78,16.56,15.73,13.07,13.07,12.67,13.39,15.19,15.98,15.3
洛阳市,17.42,16.2,15.26,16.13,15.84,14.51,12.31,11.56,11.02,12.74,15.08,16.45,14.54
平顶山市,16.09,14.44,14.36,15.26,14.29,14.22,12.2,11.92,11.41,11.88,13.28,15.16,13.72
安阳市,20.59,20.48,19.44,21.64,18.86,15.84,12.74,13.32,13.72,16.6,18.29,18.79,17.5
鹤壁市,18.83,18.76,17.93,19.76,18.18,15.95,12.31,13.07,13.03,14.47,16.99,17.1,16.34
新乡市,18.94,18.54,17.6,19.55,18.32,15.88,12.96,13.07,12.64,14.72,17.64,17.75,16.45
焦作市,18.94,18.54,17.6,19.55,18.32,15.88,12.96,13.07,12.64,14.72,17.64,17.75,16.45
濮阳市,18.83,18.76,18.72,19.55,18.14,16.78,13.18,14.26,14.51,14.72,16.99,16.74,16.74
许昌市,17.42,16.31,16.09,17.24,16.2,15.26,12.53,12.46,11.74,13.07,15.3,16.56,15.01
漯河市,16.31,14.11,15.16,16.09,15.08,14.83,13.1,12.42,12.49,12.46,13.68,15.05,14.22
三门峡市,17.42,16.02,15.34,16.6,15.77,14.62,13.57,12.46,11.2,12.67,14.9,16.34,14.72
南阳市,14.36,13.39,11.99,12.92,12.17,12.71,11.66,11.52,10.98,10.66,12.64,13.46,12.38
商丘市,17.57,16.96,16.38,18,16.6,15.95,13.03,13.14,13.57,13.75,15.91,15.73,15.55
信阳市,14.44,11.99,12.46,14.22,13.57,13.36,12.49,11.74,11.74,11.38,13.21,13.57,12.85
周口市,16.31,14.11,15.16,16.09,15.08,14.83,13.1,12.42,12.49,12.46,13.68,15.05,14.22
驻马店市,14.44,11.99,12.46,14.22,13.57,13.36,12.49,11.74,11.74,11.38,13.21,13.57,12.85
直辖县级,31.21,29.16,27.22,24.52,23.87,22.18,18.79,17.5,19.94,28.76,32.83,32.65,25.7
武汉市,11.38,9.11,8.64,10.22,10.84,11.09,12.85,13.25,12.2,10.4,12.92,12.42,11.3
黄石市,11.12,9.54,8.32,9.9,10.76,10.58,12.56,13.36,12.56,10.8,13.1,12.82,11.3
十堰市,13.64,10.55,10.37,12.02,11.52,11.81,11.84,11.38,9.61,10.01,12.02,12.74,11.48
宜昌市,9.29,7.63,7.38,8.57,8.57,9.5,10.76,11.2,9.9,8.96,10.3,10.4,9.4
襄阳市,14.36,13.39,11.99,12.92,12.17,12.71,11.66,11.52,10.98,10.66,12.64,13.46,12.38
鄂州市,11.38,9.11,8.64,10.22,10.84,11.09,12.85,13.25,12.2,10.4,12.92,12.42,11.3
荆门市,12.78,11.52,9.94,10.94,10.84,11.66,11.38,11.02,11.02,9.83,12.49,12.35,11.3
孝感市,11.02,9.14,8.32,9.86,10.51,11.09,12.78,12.85,11.92,10.08,12.24,11.66,10.98
荆州市,10.37,9.76,8.21,9.58,9.9,10.62,12.17,11.99,11.27,9.76,11.34,10.87,10.48
黄冈市,11.38,9.11,8.64,10.22,10.84,11.09,12.85,13.25,12.2,10.4,12.92,12.42,11.3
咸宁市,9.54,7.34,6.52,8.17,8.86,9.25,12.85,11.92,10.76,9.5,11.77,11.81,9.86
随州市,13.25,10.98,10.22,11.56,11.66,11.99,11.74,11.66,11.81,10.58,13.28,13.03,11.81
恩施土家族苗族自治州,7.27,5.76,6.84,8.03,8.28,8.64,10.69,11.99,9.32,7.63,8.35,8.39,8.46
长沙市,7.06,-99,-99,6.59,8.21,8.53,12.6,11.52,10.12,8.93,10.12,9.68,-99
株洲市,6.05,-99,-99,5.9,7.81,9.4,15.19,12.28,10.4,9.18,11.05,10.33,-99
湘潭市,6.26,-99,-99,6.19,7.7,8.39,13.82,11.92,10.4,8.82,10.66,10.15,-99
衡阳市,-99,-99,-99,5.9,7.31,9.61,14.94,11.16,9.65,8.06,10.87,9.43,-99
邵阳市,5.69,-99,-99,6.12,7.09,7.63,12.17,11.23,10.04,8.35,10.37,8.96,-99
岳阳市,8.68,7.52,6.55,8.14,8.93,9.68,13,12.13,10.98,9.72,10.98,10.55,9.76
常德市,7.67,6.12,6.05,7.31,7.6,8.42,10.73,11.16,9.68,8.86,9.54,9.9,8.6
张家界市,6.98,-99,5.9,6.62,6.77,7.6,9.47,10.94,8.89,7.85,8.57,9.4,-99
益阳市,7.06,-99,-99,6.59,8.21,8.53,12.6,11.52,10.12,8.93,10.12,9.68,-99
郴州市,-99,-99,-99,5.72,7.2,9.9,13.86,10.73,9.36,9.11,12.28,11.05,-99
永州市,-99,-99,-99,6.12,6.91,8.42,13.61,10.62,9.43,7.81,10.51,9.14,-99
怀化市,-99,-99,-99,5.72,6.55,6.88,10.51,10.58,9.29,7.2,8.14,7.24,-99
娄底市,6.26,-99,-99,6.19,7.7,8.39,13.82,11.92,10.4,8.82,10.66,10.15,-99
湘西土家族苗族自治州,-99,-99,-99,5.83,6.66,6.73,10.04,10.8,8.68,6.95,7.49,7.42,-99
广州市,9.58,6.05,-99,5.83,7.92,9.47,12.02,11.48,12.28,14.44,16.02,14.58,-99
韶关市,7.27,-99,-99,-99,6.66,8.64,11.92,10.8,10.91,11.99,14.76,13.39,-99
深圳市,12.02,8.1,6.66,7.85,9.61,10.58,12.92,11.52,12.2,14.83,15.84,12.85,11.27
珠海市,10.91,6.98,6.26,7.42,9.36,10.51,12.85,11.88,12.2,14.76,15.84,13.82,11.09
汕头市,13.21,8.89,6.91,7.7,8.24,9.43,13.43,11.63,11.38,14.98,15.62,15.62,11.45
佛山市,9.58,6.05,-99,5.83,7.92,9.47,12.02,11.48,12.28,14.44,16.02,14.58,-99
江门市,10.91,6.98,6.26,7.42,9.36,10.51,12.85,11.88,12.2,14.76,15.84,13.82,11.09
湛江市,9.43,6.88,7.27,8.53,10.51,10.84,11.56,11.3,12.49,14.8,15.55,13.5,11.09
茂名市,9.43,6.88,7.27,8.53,10.51,10.84,11.56,11.3,12.49,14.8,15.55,13.5,11.09
肇庆市,8.24,-99,-99,5.98,7.85,9.9,12.17,11.38,12.06,13.43,15.44,14.51,-99
惠州市,11.66,7.31,-99,6.41,7.96,9.25,12.28,11.12,11.88,14.83,16.6,14.94,-99
梅州市,11.52,7.45,5.62,6.77,7.96,9.18,14.04,12.38,11.34,13.82,15.08,15.48,10.91
汕尾市,13.39,10.08,8.64,9.65,11.34,12.89,16.42,14.18,14.98,17.6,16.99,15.41,13.5
河源市,11.66,7.31,-99,6.41,7.96,9.25,12.28,11.12,11.88,14.83,16.6,14.94,-99
阳江市,11.27,7.88,7.88,8.78,10.94,10.76,13.36,12.53,14,16.31,16.92,15.05,12.17
清远市,9.58,6.05,-99,5.83,7.92,9.47,12.02,11.48,12.28,14.44,16.02,14.58,-99
东莞市,9.58,6.05,-99,5.83,7.92,9.47,12.02,11.48,12.28,14.44,16.02,14.58,-99
中山市,10.91,6.98,6.26,7.42,9.36,10.51,12.85,11.88,12.2,14.76,15.84,13.82,11.09
潮州市,13.21,8.89,6.91,7.7,8.24,9.43,13.43,11.63,11.38,14.98,15.62,15.62,11.45
揭阳市,13.21,8.89,6.91,7.7,8.24,9.43,13.43,11.63,11.38,14.98,15.62,15.62,11.45
云浮市,9.72,6.3,6.01,6.98,8.89,10.04,12.28,11.48,11.41,13.86,15.7,14.83,10.66
南宁市,6.95,6.55,7.2,8.42,10.04,10.51,11.2,11.48,12.13,12.67,13,11.99,10.19
柳州市,-99,-99,-99,5.98,7.24,7.99,10.66,11.41,12.06,10.84,11.3,10.58,-99
桂林市,-99,-99,-99,-99,5.83,7.16,10.19,10.48,10.51,8.75,11.16,9.65,-99
梧州市,7.45,-99,-99,6.05,8.1,9.86,12.53,12.24,12.38,13.46,14.26,13.75,-99
北海市,8.93,7.45,8.28,10.66,12.96,12.31,12.71,11.95,13.57,15.48,15.41,12.96,11.92
防城港市,7.67,6.88,7.67,9.11,11.38,9.97,10.15,10.66,13.36,14.33,14.4,12.71,10.69
钦州市,7.67,6.88,7.67,9.11,11.38,9.97,10.15,10.66,13.36,14.33,14.4,12.71,10.69
贵港市,6.23,-99,5.9,6.8,8.68,9.43,11.56,12.02,12.35,12.31,12.13,11.63,-99
玉林市,7.92,5.72,5.9,6.91,9.22,10.22,11.84,11.84,12.49,14.4,14.72,13.5,10.44
百色市,7.45,7.92,9.94,10.73,10.4,9.72,10.37,11.09,10.66,10.26,11.23,11.41,10.12
贺州市,5.58,-99,-99,-99,6.52,8.6,11.95,11.41,11.02,10.8,12.56,11.34,-99
河池市,-99,-99,6.26,6.95,7.63,7.85,9.86,10.91,11.12,9.94,10.37,10.04,-99
来宾市,6.23,-99,5.9,6.8,8.68,9.43,11.56,12.02,12.35,12.31,12.13,11.63,-99
崇左市,6.73,6.55,7.63,8.17,9.86,10.48,11.05,11.52,11.63,11.84,12.46,11.92,10.01
海口市,11.41,10.22,11.3,13.82,14.9,15.44,16.2,13.72,13.39,14.87,15.19,13.21,13.64
三亚市,15.19,13.72,13.93,15.62,15.19,14,13.72,12.42,12.38,13.5,15.41,14.51,14.15
三沙市,20.77,23.36,24.59,26.21,23.4,21.46,20.63,18.5,17.6,17.1,16.78,15.77,20.48
重庆市,5.76,5.58,7.38,8.1,8.35,7.45,11.02,11.52,7.13,-99,5.54,5.65,-99
两江新区,5.76,5.58,7.38,8.1,8.35,7.45,11.02,11.52,7.13,-99,5.54,5.65,-99
成都市,9.54,8.06,8.1,9.61,9.83,8.46,9.25,8.93,6.41,6.34,7.7,8.17,8.39
自贡市,8.1,7.7,8.1,10.19,9.83,7.78,9.22,8.71,6.34,5.72,7.09,7.02,7.99
攀枝花市,27.72,27,24.23,22.57,18.4,13.72,10.73,11.84,10.37,15.12,22.03,26.21,19.12
泸州市,6.26,6.48,7.24,8.82,8.35,7.09,9.72,9.97,6.98,-99,6.3,5.72,-99
德阳市,12.31,8.86,8.32,8.96,9.47,8.24,8.82,8.28,6.37,6.88,9.76,11.09,8.96
绵阳市,12.31,8.86,8.32,8.96,9.47,8.24,8.82,8.28,6.37,6.88,9.76,11.09,8.96
广元市,13.36,10.4,9.54,10.76,11.95,10.33,10.19,9.97,7.27,7.6,10.98,12.56,10.4
遂宁市,8.24,7.6,8.32,9.83,10.22,8.71,10.62,10.37,7.2,6.34,6.95,6.73,8.42
内江市,7.13,7.02,7.96,9.47,9.4,7.99,10.33,10.08,6.95,-99,6.44,6.05,-99
乐山市,9.22,8.21,8.35,8.93,8.57,6.91,8.32,7.92,5.83,5.98,7.27,8.5,7.85
南充市,6.59,6.41,7.78,8.78,9.22,8.14,11.02,11.34,7.13,5.76,6.19,6.01,7.88
眉山市,12.31,10.15,9.11,9.32,8.96,7.78,8.35,7.99,6.37,7.49,9.76,12.13,9.14
宜宾市,7.16,6.7,7.38,9,8.35,6.98,8.68,8.5,6.08,-99,6.59,6.37,-99
广安市,6.59,6.41,7.78,8.78,9.22,8.14,11.02,11.34,7.13,5.76,6.19,6.01,7.88
达州市,7.6,7.2,7.74,9.14,10.04,9.4,11.48,12.42,8.14,6.88,7.6,7.27,8.75
雅安市,9.22,8.21,8.35,8.93,8.57,6.91,8.32,7.92,5.83,5.98,7.27,8.5,7.85
巴中市,8.5,7.7,8.21,9.25,10.55,9.4,10.84,11.41,7.45,6.73,7.74,7.45,8.78
资阳市,9.54,8.06,8.1,9.61,9.83,8.46,9.25,8.93,6.41,6.34,7.7,8.17,8.39
阿坝藏族羌族自治州,23.04,20.3,16.99,16.42,15.95,13.28,14.33,13.68,12.96,16.45,22.03,24.73,17.5
甘孜藏族自治州,26.21,24.05,19.84,18.5,17.96,15.26,15.01,14.22,14.83,19.73,24.26,26.78,19.69
凉山彝族自治州,24.88,25.09,23.11,21.89,16.56,11.2,10.66,11.59,9.18,11.95,17.64,22.39,17.14
贵阳市,6.41,6.7,7.99,9.5,9.11,8.46,10.76,11.05,9.36,6.48,8.1,7.16,8.42
六盘水市,16.13,17.5,18.07,18.79,13.14,10.66,10.69,11.02,10.01,9.14,13.03,14.76,13.54
遵义市,5.87,5.87,6.66,7.85,7.81,7.45,10.91,11.05,8.53,-99,6.84,5.9,-99
安顺市,8.5,9.43,10.84,12.42,10.22,9.11,10.44,10.87,9.32,7.09,9.22,8.93,9.68
毕节市,7.31,7.31,8.64,9.79,8.82,8.1,10.33,10.55,8.53,5.76,7.92,7.24,8.35
铜仁市,-99,-99,-99,5.72,6.55,6.88,10.51,10.58,9.29,7.2,8.14,7.24,-99
黔西南布依族苗族自治州,16.24,17.68,18.07,19.33,13.36,10.94,10.66,11.2,10.26,9.32,13.14,14.62,13.72
黔东南苗族侗族自治州,-99,-99,6.3,7.56,7.85,7.31,10.19,10.4,9,6.52,7.6,6.88,-99
黔南布依族苗族自治州,-99,-99,6.3,7.56,7.85,7.31,10.19,10.4,9,6.52,7.6,6.88,-99
昆明市,25.13,25.52,23.62,22.75,16.7,13.07,10.87,11.99,10.94,12.78,18.86,22.97,17.89
曲靖市,21.89,22.32,22.14,22.25,14.9,11.41,10.51,11.23,10.51,10.58,16.27,19.91,16.13
玉溪市,23.72,24.41,22.57,22.28,16.02,12.85,10.55,11.45,11.34,12.31,17.03,20.09,16.99
保山市,26.06,22.5,19.73,16.99,14.22,11.48,9.65,10.69,11.05,15.01,22.5,25.85,17.14
昭通市,16.74,17.32,18,17.96,13.46,10.19,10.62,11.02,9.07,9.36,13.82,16.06,13.61
丽江市,27.4,24.41,20.41,18.54,17.32,14.08,11.12,11.52,11.3,17.14,24.59,28.12,18.79
普洱市,25.63,26.1,22.75,20.05,15.23,10.62,8.68,9.97,11.3,13.14,16.42,19.69,16.6
临沧市,25.7,24.77,21.31,18.9,14.44,10.66,8.82,10.12,10.76,12.74,17.64,20.63,16.34
楚雄彝族自治州,26.86,26.06,23.69,21.92,17.57,13.75,10.51,11.45,11.23,14.36,20.84,24.62,18.54
红河哈尼族彝族自治州,19.22,20.56,20.2,20.99,15.19,12.24,10.73,11.56,11.88,12.06,15.12,17.17,15.55
文山壮族苗族自治州,14.58,15.52,17.35,17.89,13.57,11.48,10.55,11.02,11.41,10.87,13.61,14.69,13.54
西双版纳傣族自治州,25.63,26.1,22.75,20.05,15.23,10.62,8.68,9.97,11.3,13.14,16.42,19.69,16.6
大理白族自治州,26.75,24.23,21.67,19.51,16.67,13.72,10.26,11.02,11.52,15.44,22.1,25.85,18.18
德宏傣族景颇族自治州,25.49,23.69,21.42,18.9,13.64,9.32,7.24,9.43,11.05,14.72,20.74,23.62,16.56
怒江傈僳族自治州,25.31,21.46,19.87,17.24,12.42,8.75,7.13,8.93,10.26,14.94,22.68,24.84,16.13
迪庆藏族自治州,22.28,18.32,13.57,12.92,13.93,13.03,11.92,12.17,11.7,16.24,23.87,26.32,16.34
拉萨市,31.21,29.16,27.22,24.52,23.87,22.18,18.79,17.5,19.94,28.76,32.83,32.65,25.7
日喀则市,31.32,30.85,30.42,29.16,28.44,25.06,20.12,18.97,22.57,32.83,35.21,32.94,28.15
昌都市,24.98,23.4,20.05,19.08,19.8,18.29,18.25,17.64,18.58,20.74,25.7,26.86,21.1
山南地区,31.21,29.16,27.22,24.52,23.87,22.18,18.79,17.5,19.94,28.76,32.83,32.65,25.7
那曲地区,25.6,25.13,24.16,22.18,21.85,18.97,18.97,19.3,19.37,23.87,27,25.67,22.64
阿里地区,23.98,23.36,24.91,26.93,29.84,30.56,26.28,24.55,28.76,32.15,30.28,25.56,27.29
林芝地区,23.4,21.53,19.04,18.47,19.44,17.75,15.62,14.65,15.16,19.4,23.87,25.02,19.44
西安市,16.99,15.48,13.57,15.37,15.66,14.62,14.18,12.96,11.02,11.34,13.9,16.56,14.29
铜川市,16.99,15.48,13.57,15.37,15.66,14.62,14.18,12.96,11.02,11.34,13.9,16.56,14.29
宝鸡市,17.57,15.41,13.68,14.11,14.83,14.08,13.57,11.95,10.01,11.2,14.58,16.92,14
咸阳市,16.99,15.48,13.57,15.37,15.66,14.62,14.18,12.96,11.02,11.34,13.9,16.56,14.29
渭南市,17.32,15.95,14.4,16.06,16.06,14.98,14.76,14.08,11.48,11.84,13.9,16.7,14.8
延安市,21.64,20.7,19.12,20.59,19.4,18.22,15.91,15.08,13.72,16.42,18.76,19.91,18.29
汉中市,15.44,13.28,11.81,12.67,13.68,12.92,12.78,12.06,9.61,10.08,12.46,14.83,12.64
榆林市,22.36,23.22,22.79,24.91,23.76,22.28,19.94,17.68,17.28,20.45,21.38,20.56,21.38
安康市,12.71,10.4,10.01,11.95,11.48,11.92,12.38,11.63,9.58,9.47,11.09,12.35,11.27
商洛市,16.16,13.36,11.92,14.08,13.57,13.46,13.21,11.95,10.44,10.87,12.92,15.16,13.1
西咸新区,16.99,15.48,13.57,15.37,15.66,14.62,14.18,12.96,11.02,11.34,13.9,16.56,14.29
兰州市,24.19,23.83,20.7,20.52,17.53,16.27,16.52,16.2,15.23,17.6,23.08,23.33,19.55
嘉峪关市,23.54,24.8,23.76,23.87,22.03,19.19,18.07,18.94,20.63,23.98,23.04,21.1,21.89
金昌市,24.55,26.39,24.91,25.24,22.36,20.12,19.87,18.5,18.43,21.56,24.08,22.72,22.36
白银市,24.34,24.3,21.56,21.78,19.48,17.6,17.03,16.34,15.8,17.14,23.08,23.33,20.12
天水市,18.61,16.96,15.12,16.13,15.77,14.47,14.4,13.36,11.23,11.48,16.45,18.79,15.23
武威市,24.23,23.87,20.63,20.16,17.14,15.3,15.95,15.41,15.59,18.4,22.36,22.57,19.26
张掖市,25.45,26.03,24.16,23.18,19.66,17.53,17.75,17.89,19.08,22.61,25.2,23.47,21.82
平凉市,20.3,18.83,17.6,17.53,17.5,16.45,15.62,13.72,12.02,13.9,18.43,19.3,16.78
酒泉市,23.54,24.8,23.76,23.87,22.03,19.19,18.07,18.94,20.63,23.98,23.04,21.1,21.89
庆阳市,19.8,18.07,16.6,17.35,17.5,16.52,15.62,13.5,11.63,13.32,17.32,18.65,16.31
定西市,22.36,22.21,19.62,19.91,18,17.06,16.88,16.09,14.87,15.91,21.64,22.43,18.9
陇南市,21.1,18.4,15.37,15.44,13.97,12.49,13.72,13.72,11.52,12.17,19.12,21.85,15.73
临夏回族自治州,23.8,22.86,19.62,19.98,17.39,16.27,16.63,16.49,14.65,16.96,22.97,23.29,19.22
甘南藏族自治州,24.59,23.29,19.84,20.52,17.28,16.06,17.24,17.96,15.7,18.97,25.02,25.38,20.12
西宁市,25.88,26.32,23.94,22.93,19.01,17.17,18.58,18.72,16.88,20.63,24.88,24.19,21.56
海东市,25.06,24.41,21.31,20.74,17.42,16.13,17.03,16.7,15.52,18.32,23.98,24.05,20.02
海北藏族自治州,24.48,25.52,24.41,25.02,20.95,18.07,19.37,19.87,18.68,22.93,26.06,24.05,22.43
黄南藏族自治州,25.27,24.37,21.38,21.28,17.14,16.13,16.88,17.39,15.34,18.83,24.88,24.84,20.3
海南藏族自治州,24.48,25.52,24.41,25.02,20.95,18.07,19.37,19.87,18.68,22.93,26.06,24.05,22.43
果洛藏族自治州,23.94,22.68,20.09,20.23,16.85,15.08,17.24,18.14,16.45,19.33,25.13,24.55,19.94
玉树藏族自治州,22.07,22,20.84,20.05,18.79,16.99,19.8,19.69,18.68,19.58,23.58,23.44,20.45
海西蒙古族藏族自治州,25.24,26.42,26.06,25.78,22.68,19.73,19.98,21.02,21.64,26.5,26.39,24.23,23.8
银川市,22.79,23.22,22.5,23.33,21.78,20.59,18.9,17.53,17.28,18.83,21.24,20.27,20.66
石嘴山市,22.93,24.08,24.05,25.38,24.62,22.79,20.59,18.86,18.61,20.23,21.13,20.34,21.96
吴忠市,23.65,24.01,22.28,23.22,20.99,19.87,18.72,17.1,16.42,18.11,20.7,21.24,20.48
固原市,23.11,22.32,20.59,20.99,19.66,18.72,17.71,15.77,14.58,16.16,20.2,21.46,19.26
中卫市,24.08,24.7,23,23.47,22.1,20.52,18.79,17.53,16.78,17.82,21.31,22.1,20.99
乌鲁木齐市,19.91,22.72,22.61,22.36,21.38,19.84,18.43,19.62,21.49,22.03,20.2,18.07,20.7
克拉玛依市,9.79,13.18,15.8,20.81,21.46,21.46,19.12,19.33,17.78,15.05,10.55,8.46,16.06
吐鲁番地区,22.28,25.24,25.31,23.9,24.37,21.38,20.34,21.17,23.44,22.93,21.02,19.4,22.54
哈密地区,21.46,25.78,26.03,24.91,25.52,22.21,21.56,22.75,23.72,23.62,21.49,18.9,23.15
昌吉回族自治州,14.22,17.46,19.87,23.11,23.69,23.44,20.81,20.41,21.31,19.69,16.34,12.17,19.37
博尔塔拉蒙古自治州,14.98,17.68,18.58,21.49,22.21,22.75,21.24,22.72,22.03,20.02,15.48,12.92,19.33
巴音郭楞蒙古自治州,21.49,23.47,23.69,24.01,23.18,21.78,19.98,19.87,19.94,20.63,22.46,19.15,21.6
阿克苏地区,20.27,20.92,21.74,23.51,22.39,21.49,21.67,20.74,21.82,23.76,21.42,18.83,21.56
克孜勒苏柯尔克孜自治州,19.33,20.16,21.02,23.15,23.58,26.78,25.74,23.62,24.26,25.31,22.36,17.64,22.75
喀什地区,19.73,19.69,19.51,20.84,20.41,23.15,23.4,22.03,22.5,22.86,21.13,18.5,21.17
和田地区,19.69,21.42,22.1,23.4,23.87,24.98,21.92,21.02,24.01,26.93,24.05,18.79,22.68
伊犁哈萨克自治州,15.41,17.75,17.89,20.16,20.81,21.71,20.77,22.54,22.75,20.09,16.42,13.18,19.12
塔城地区,8.39,12.06,15.08,20.05,22.68,24.44,21.38,21.13,19.08,14.76,9.76,7.2,16.34
阿勒泰地区,9.65,13.54,17.06,21.46,24.73,24.66,21.49,21.2,19.08,15.59,10.3,7.85,17.24
台北市,6.95,6.88,7.38,9.07,10.84,15.73,24.52,21.74,15.48,12.6,9.25,7.52,12.38
高雄市,15.48,13.64,15.23,15.98,16.45,17.39,19.19,16.49,16.06,18.04,16.34,16.02,16.38
基隆市,6.95,6.88,7.38,9.07,10.84,15.73,24.52,21.74,15.48,12.6,9.25,7.52,12.38
台中市,9,8.75,8.93,10.55,12.64,16.78,23.44,20.99,17.32,14.8,11.52,10.26,13.79
台南市,12.56,9.94,11.23,12.38,14,16.24,18.9,16.56,15.66,16.7,14.47,13.5,14.36
新竹市,9,8.75,8.93,10.55,12.64,16.78,23.44,20.99,17.32,14.8,11.52,10.26,13.79
嘉义市,12.56,9.94,11.23,12.38,14,16.24,18.9,16.56,15.66,16.7,14.47,13.5,14.36
新北市,6.95,6.88,7.38,9.07,10.84,15.73,24.52,21.74,15.48,12.6,9.25,7.52,12.38
宜兰县,8.93,6.91,8.14,8.32,9,11.7,15.05,12.85,11.16,12.31,10.8,10.87,10.55
桃园县,6.95,6.88,7.38,9.07,10.84,15.73,24.52,21.74,15.48,12.6,9.25,7.52,12.38
新竹县,8.93,6.91,8.14,8.32,9,11.7,15.05,12.85,11.16,12.31,10.8,10.87,10.55
苗栗县,9,8.75,8.93,10.55,12.64,16.78,23.44,20.99,17.32,14.8,11.52,10.26,13.79
彰化县,9,8.75,8.93,10.55,12.64,16.78,23.44,20.99,17.32,14.8,11.52,10.26,13.79
南投县,12.56,9.94,11.23,12.38,14,16.24,18.9,16.56,15.66,16.7,14.47,13.5,14.36
云林县,12.56,9.94,11.23,12.38,14,16.24,18.9,16.56,15.66,16.7,14.47,13.5,14.36
嘉义县,12.56,9.94,11.23,12.38,14,16.24,18.9,16.56,15.66,16.7,14.47,13.5,14.36
屏东县,15.48,13.64,15.23,15.98,16.45,17.39,19.19,16.49,16.06,18.04,16.34,16.02,16.38
台东县,12.56,9.94,11.23,12.38,14,16.24,18.9,16.56,15.66,16.7,14.47,13.5,14.36
花莲县,10.44,7.81,9.25,8.82,9.54,12.1,16.09,13.93,11.66,12.17,11.38,11.77,11.27
澎湖县,9.47,8.6,9.47,11.88,13.79,17.71,22.72,20.12,17.28,14.69,11.59,10.4,14
金门县,12.53,9.22,7.99,8.89,9.25,11.02,16.34,15.01,13.28,14.8,13.97,14.26,12.24
连江县,8.6,6.59,-99,7.6,7.92,9.5,15.73,12.78,9.79,10.91,10.22,11.52,-99
香港岛,12.02,8.1,6.66,7.85,9.61,10.58,12.92,11.52,12.2,14.83,15.84,12.85,11.27
九龙,12.02,8.1,6.66,7.85,9.61,10.58,12.92,11.52,12.2,14.83,15.84,12.85,11.27
新界,12.02,8.1,6.66,7.85,9.61,10.58,12.92,11.52,12.2,14.83,15.84,12.85,11.27
澳门半岛,10.91,6.98,6.26,7.42,9.36,10.51,12.85,11.88,12.2,14.76,15.84,13.82,11.09
胱械,10.91,6.98,6.26,7.42,9.36,10.51,12.85,11.88,12.2,14.76,15.84,13.82,11.09
路环岛,10.91,6.98,6.26,7.42,9.36,10.51,12.85,11.88,12.2,14.76,15.84,13.82,11.09
